<?xml version="1.0" encoding="UTF-8" ?>
<!DOCTYPE mapper
PUBLIC "-//mybatis.org//DTD Mapper 3.0//EN"
"http://mybatis.org/dtd/mybatis-3-mapper.dtd">
<mapper namespace="demo.mapper.AnswerLogMapper">
    
    <resultMap type="demo.entity.AnswerLog" id="AnswerLogResult">
        <result property="id"    column="id"    />
        <result property="wenjuanId"    column="wenjuan_id"    />
        <result property="answerId"    column="answer_id"    />
        <result property="timuId"    column="timu_id"    />
        <result property="answerUid"    column="answer_uid"    />
        <result property="timuChoice"    column="timu_choice"    />
        <result property="createTime"    column="create_time"    />
    </resultMap>

    <sql id="selectAnswerLogVo">
        select id, wenjuan_id, answer_id, timu_id, answer_uid, timu_choice, create_time, from answer_log
    </sql>

    <!-- 分页样例  -->
    <select id="getMysqlByPage" resultType="Map">
        select t1.*,realname
        from answer_log t1 left join user t2
        on t1.id=t2.id 
        
        where  t1.name= #{queryStr}
    </select>


	
	 <!-- 分页样例 map传入参数  -->
    <select id="getMysqlByPageMap" resultType="Map">
        select t1.*
        from answer_log t1 left join answer_log t2
        on t1.id=t2.id 
        
        where  t1.content= #{map.content}
    </select>


    <select id="selectAnswerLogList" parameterType="demo.entity.AnswerLog" resultMap="AnswerLogResult">
        <include refid="selectAnswerLogVo"/>
        <where>  
            <if test="wenjuanId != null "> and wenjuan_id = #{wenjuanId}</if>
            <if test="answerId != null "> and answer_id = #{answerId}</if>
            <if test="timuId != null "> and timu_id = #{timuId}</if>
            <if test="answerUid != null "> and answer_uid = #{answerUid}</if>
            <if test="timuChoice != null  and timuChoice != ''"> and timu_choice = #{timuChoice}</if>
        </where>
    </select>
    
    <select id="selectAnswerLogById" parameterType="Long" resultMap="AnswerLogResult">
        <include refid="selectAnswerLogVo"/>
        where id = #{id}
    </select>
        
    <insert id="insertAnswerLog" parameterType="demo.entity.AnswerLog" useGeneratedKeys="true" keyProperty="id">
        insert into answer_log
        <trim prefix="(" suffix=")" suffixOverrides=",">
            <if test="wenjuanId != null">wenjuan_id,</if>
            <if test="answerId != null">answer_id,</if>
            <if test="timuId != null">timu_id,</if>
            <if test="answerUid != null">answer_uid,</if>
            <if test="timuChoice != null">timu_choice,</if>
            <if test="createTime != null">create_time,</if>
         </trim>
        <trim prefix="values (" suffix=")" suffixOverrides=",">
            <if test="wenjuanId != null">#{wenjuanId},</if>
            <if test="answerId != null">#{answerId},</if>
            <if test="timuId != null">#{timuId},</if>
            <if test="answerUid != null">#{answerUid},</if>
            <if test="timuChoice != null">#{timuChoice},</if>
            <if test="createTime != null">#{createTime},</if>
         </trim>
    </insert>

    <update id="updateAnswerLog" parameterType="demo.entity.AnswerLog">
        update answer_log
        <trim prefix="SET" suffixOverrides=",">
            <if test="wenjuanId != null">wenjuan_id = #{wenjuanId},</if>
            <if test="answerId != null">answer_id = #{answerId},</if>
            <if test="timuId != null">timu_id = #{timuId},</if>
            <if test="answerUid != null">answer_uid = #{answerUid},</if>
            <if test="timuChoice != null">timu_choice = #{timuChoice},</if>
            <if test="createTime != null">create_time = #{createTime},</if>
        </trim>
        where id = #{id}
    </update>

    <delete id="deleteAnswerLogById" parameterType="Long">
        delete from answer_log where id = #{id}
    </delete>

    <delete id="deleteAnswerLogByIds" parameterType="String">
        delete from answer_log where id in 
        <foreach item="id" collection="array" open="(" separator="," close=")">
            #{id}
        </foreach>
    </delete>

</mapper>