<?xml version="1.0" encoding="UTF-8" ?>
<!DOCTYPE mapper
PUBLIC "-//mybatis.org//DTD Mapper 3.0//EN"
"http://mybatis.org/dtd/mybatis-3-mapper.dtd">
<mapper namespace="demo.mapper.AnswerMapper">
    
    <resultMap type="demo.entity.Answer" id="AnswerResult">
        <result property="id"    column="id"    />
        <result property="wenjuanId"    column="wenjuan_id"    />
        <result property="answerUid"    column="answer_uid"    />
        <result property="createTime"    column="create_time"    />
        <result property="answerCount"    column="answer_count"    />
    </resultMap>

    <sql id="selectAnswerVo">
        select id, wenjuan_id, answer_uid, create_time, answer_count, from answer
    </sql>

    <!-- 分页样例  -->
    <select id="getMysqlByPage" resultType="Map">
        select t1.*,realname
        from answer t1 left join user t2
        on t1.id=t2.id 
        
        where  t1.name= #{queryStr}
    </select>


	
	 <!-- 分页样例 map传入参数  -->
    <select id="getMysqlByPageMap" resultType="Map">
        select t1.*
        from answer t1 left join answer t2
        on t1.id=t2.id 
        
        where  t1.content= #{map.content}
    </select>


    <select id="selectAnswerList" parameterType="demo.entity.Answer" resultMap="AnswerResult">
        <include refid="selectAnswerVo"/>
        <where>  
            <if test="wenjuanId != null "> and wenjuan_id = #{wenjuanId}</if>
            <if test="answerUid != null "> and answer_uid = #{answerUid}</if>
            <if test="answerCount != null "> and answer_count = #{answerCount}</if>
        </where>
    </select>
    
    <select id="selectAnswerById" parameterType="Long" resultMap="AnswerResult">
        <include refid="selectAnswerVo"/>
        where id = #{id}
    </select>
        
    <insert id="insertAnswer" parameterType="demo.entity.Answer" useGeneratedKeys="true" keyProperty="id">
        insert into answer
        <trim prefix="(" suffix=")" suffixOverrides=",">
            <if test="wenjuanId != null">wenjuan_id,</if>
            <if test="answerUid != null">answer_uid,</if>
            <if test="createTime != null">create_time,</if>
            <if test="answerCount != null">answer_count,</if>
         </trim>
        <trim prefix="values (" suffix=")" suffixOverrides=",">
            <if test="wenjuanId != null">#{wenjuanId},</if>
            <if test="answerUid != null">#{answerUid},</if>
            <if test="createTime != null">#{createTime},</if>
            <if test="answerCount != null">#{answerCount},</if>
         </trim>
    </insert>

    <update id="updateAnswer" parameterType="demo.entity.Answer">
        update answer
        <trim prefix="SET" suffixOverrides=",">
            <if test="wenjuanId != null">wenjuan_id = #{wenjuanId},</if>
            <if test="answerUid != null">answer_uid = #{answerUid},</if>
            <if test="createTime != null">create_time = #{createTime},</if>
            <if test="answerCount != null">answer_count = #{answerCount},</if>
        </trim>
        where id = #{id}
    </update>

    <delete id="deleteAnswerById" parameterType="Long">
        delete from answer where id = #{id}
    </delete>

    <delete id="deleteAnswerByIds" parameterType="String">
        delete from answer where id in 
        <foreach item="id" collection="array" open="(" separator="," close=")">
            #{id}
        </foreach>
    </delete>

</mapper>