<?xml version="1.0" encoding="UTF-8" ?>
<!DOCTYPE mapper
PUBLIC "-//mybatis.org//DTD Mapper 3.0//EN"
"http://mybatis.org/dtd/mybatis-3-mapper.dtd">
<mapper namespace="demo.mapper.TimuMapper">
    
    <resultMap type="demo.entity.Timu" id="TimuResult">
        <result property="id"    column="id"    />
        <result property="subject"    column="subject"    />
        <result property="cha"    column="cha"    />
        <result property="chb"    column="chb"    />
        <result property="chc"    column="chc"    />
        <result property="chd"    column="chd"    />
        <result property="answer"    column="answer"    />
        <result property="type"    column="type"    />
        <result property="status"    column="status"    />
    </resultMap>

    <sql id="selectTimuVo">
        select id, subject, cha, chb, chc, chd, answer, type, status, from timu
    </sql>

    <!-- 分页样例  -->
    <select id="getMysqlByPage" resultType="Map">
        select t1.*,realname
        from timu t1 left join user t2
        on t1.id=t2.id 
        
        where  t1.name= #{queryStr}
    </select>


	
	 <!-- 分页样例 map传入参数  -->
    <select id="getMysqlByPageMap" resultType="Map">
        select t1.*
        from timu t1 left join timu t2
        on t1.id=t2.id 
        
        where  t1.content= #{map.content}
    </select>

 <select id="tongji1" resultType="Map">
      select t1.wenjuan_id,t1.timu_id,t1.timu_choice ,count(*) as count from
       answer_log t1 group by  t1.wenjuan_id,t1.timu_id,t1.timu_choice
      having t1.wenjuan_id=#{map.wenjuanId}  and t1.timu_id=#{map.timuId}
    </select>
    
    
    <select id="tongji2" resultType="Integer">
      select count(*) as count from
       answer_log t1 group by  t1.wenjuan_id,t1.timu_id
      having t1.wenjuan_id=#{map.wenjuanId}  and t1.timu_id=#{map.timuId}
    </select>
    
    

    <select id="selectTimuList" parameterType="demo.entity.Timu" resultMap="TimuResult">
        <include refid="selectTimuVo"/>
        <where>  
            <if test="subject != null  and subject != ''"> and subject = #{subject}</if>
            <if test="cha != null  and cha != ''"> and cha = #{cha}</if>
            <if test="chb != null  and chb != ''"> and chb = #{chb}</if>
            <if test="chc != null  and chc != ''"> and chc = #{chc}</if>
            <if test="chd != null  and chd != ''"> and chd = #{chd}</if>
            <if test="answer != null  and answer != ''"> and answer = #{answer}</if>
            <if test="type != null  and type != ''"> and type = #{type}</if>
            <if test="status != null  and status != ''"> and status = #{status}</if>
        </where>
    </select>
    
    <select id="selectTimuById" parameterType="Long" resultMap="TimuResult">
        <include refid="selectTimuVo"/>
        where id = #{id}
    </select>
        
    <insert id="insertTimu" parameterType="demo.entity.Timu" useGeneratedKeys="true" keyProperty="id">
        insert into timu
        <trim prefix="(" suffix=")" suffixOverrides=",">
            <if test="subject != null">subject,</if>
            <if test="cha != null">cha,</if>
            <if test="chb != null">chb,</if>
            <if test="chc != null">chc,</if>
            <if test="chd != null">chd,</if>
            <if test="answer != null">answer,</if>
            <if test="type != null">type,</if>
            <if test="status != null">status,</if>
         </trim>
        <trim prefix="values (" suffix=")" suffixOverrides=",">
            <if test="subject != null">#{subject},</if>
            <if test="cha != null">#{cha},</if>
            <if test="chb != null">#{chb},</if>
            <if test="chc != null">#{chc},</if>
            <if test="chd != null">#{chd},</if>
            <if test="answer != null">#{answer},</if>
            <if test="type != null">#{type},</if>
            <if test="status != null">#{status},</if>
         </trim>
    </insert>

    <update id="updateTimu" parameterType="demo.entity.Timu">
        update timu
        <trim prefix="SET" suffixOverrides=",">
            <if test="subject != null">subject = #{subject},</if>
            <if test="cha != null">cha = #{cha},</if>
            <if test="chb != null">chb = #{chb},</if>
            <if test="chc != null">chc = #{chc},</if>
            <if test="chd != null">chd = #{chd},</if>
            <if test="answer != null">answer = #{answer},</if>
            <if test="type != null">type = #{type},</if>
            <if test="status != null">status = #{status},</if>
        </trim>
        where id = #{id}
    </update>

    <delete id="deleteTimuById" parameterType="Long">
        delete from timu where id = #{id}
    </delete>

    <delete id="deleteTimuByIds" parameterType="String">
        delete from timu where id in 
        <foreach item="id" collection="array" open="(" separator="," close=")">
            #{id}
        </foreach>
    </delete>

</mapper>