<?xml version="1.0" encoding="UTF-8" ?>
<!DOCTYPE mapper
PUBLIC "-//mybatis.org//DTD Mapper 3.0//EN"
"http://mybatis.org/dtd/mybatis-3-mapper.dtd">
<mapper namespace="demo.mapper.WenjuanMapper">
    
    <resultMap type="demo.entity.Wenjuan" id="WenjuanResult">
        <result property="id"    column="id"    />
        <result property="projectName"    column="project_name"    />
        <result property="type"    column="type"    />
        <result property="wenjuanName"    column="wenjuan_name"    />
        <result property="remark"    column="remark"    />
        <result property="createTime"    column="create_time"    />
        <result property="timuIdlist"    column="timu_idlist"    />
        <result property="starttime"    column="starttime"    />
        <result property="endtime"    column="endtime"    />
    </resultMap>

    <sql id="selectWenjuanVo">
        select id, project_name, type, wenjuan_name, remark, create_time, timu_idlist, starttime, endtime, from wenjuan
    </sql>

    <!-- 分页样例  -->
    <select id="getMysqlByPage" resultType="Map">
        select t1.*,realname
        from wenjuan t1 left join user t2
        on t1.id=t2.id 
        
        where  t1.name= #{queryStr}
    </select>


	
	 <!-- 分页样例 map传入参数  -->
    <select id="getMysqlByPageMap" resultType="Map">
        select t1.*
        from wenjuan t1 left join wenjuan t2
        on t1.id=t2.id 
        
        where  t1.content= #{map.content}
    </select>


    <select id="selectWenjuanList" parameterType="demo.entity.Wenjuan" resultMap="WenjuanResult">
        <include refid="selectWenjuanVo"/>
        <where>  
            <if test="projectName != null  and projectName != ''"> and project_name like concat('%', #{projectName}, '%')</if>
            <if test="type != null  and type != ''"> and type = #{type}</if>
            <if test="wenjuanName != null  and wenjuanName != ''"> and wenjuan_name like concat('%', #{wenjuanName}, '%')</if>
            <if test="timuIdlist != null  and timuIdlist != ''"> and timu_idlist = #{timuIdlist}</if>
            <if test="starttime != null "> and starttime = #{starttime}</if>
            <if test="endtime != null "> and endtime = #{endtime}</if>
        </where>
    </select>
    
    <select id="selectWenjuanById" parameterType="Long" resultMap="WenjuanResult">
        <include refid="selectWenjuanVo"/>
        where id = #{id}
    </select>
        
    <insert id="insertWenjuan" parameterType="demo.entity.Wenjuan" useGeneratedKeys="true" keyProperty="id">
        insert into wenjuan
        <trim prefix="(" suffix=")" suffixOverrides=",">
            <if test="projectName != null">project_name,</if>
            <if test="type != null">type,</if>
            <if test="wenjuanName != null">wenjuan_name,</if>
            <if test="remark != null">remark,</if>
            <if test="createTime != null">create_time,</if>
            <if test="timuIdlist != null">timu_idlist,</if>
            <if test="starttime != null">starttime,</if>
            <if test="endtime != null">endtime,</if>
         </trim>
        <trim prefix="values (" suffix=")" suffixOverrides=",">
            <if test="projectName != null">#{projectName},</if>
            <if test="type != null">#{type},</if>
            <if test="wenjuanName != null">#{wenjuanName},</if>
            <if test="remark != null">#{remark},</if>
            <if test="createTime != null">#{createTime},</if>
            <if test="timuIdlist != null">#{timuIdlist},</if>
            <if test="starttime != null">#{starttime},</if>
            <if test="endtime != null">#{endtime},</if>
         </trim>
    </insert>

    <update id="updateWenjuan" parameterType="demo.entity.Wenjuan">
        update wenjuan
        <trim prefix="SET" suffixOverrides=",">
            <if test="projectName != null">project_name = #{projectName},</if>
            <if test="type != null">type = #{type},</if>
            <if test="wenjuanName != null">wenjuan_name = #{wenjuanName},</if>
            <if test="remark != null">remark = #{remark},</if>
            <if test="createTime != null">create_time = #{createTime},</if>
            <if test="timuIdlist != null">timu_idlist = #{timuIdlist},</if>
            <if test="starttime != null">starttime = #{starttime},</if>
            <if test="endtime != null">endtime = #{endtime},</if>
        </trim>
        where id = #{id}
    </update>

    <delete id="deleteWenjuanById" parameterType="Long">
        delete from wenjuan where id = #{id}
    </delete>

    <delete id="deleteWenjuanByIds" parameterType="String">
        delete from wenjuan where id in 
        <foreach item="id" collection="array" open="(" separator="," close=")">
            #{id}
        </foreach>
    </delete>

</mapper>